1,text,text,me,sick, , ,0.0
2,So either @XiberKernel got me sick! or I may have gotten food poisoning. It's gonna be a looooong night,So either @XiberKernel got me sick! or I may have gotten food poisoning, ,gotten,poisoning, ,0.6
2,So either @XiberKernel got me sick! or I may have gotten food poisoning. It's gonna be a looooong night, It's gonna be a looooong night,It,gon, , ,0.0
2,So either @XiberKernel got me sick! or I may have gotten food poisoning. It's gonna be a looooong night, It's gonna be a looooong night,It,night, , ,0.0
3,I got food poisoning Ã­Â Â½Ã­Â²Â”,I got food poisoning ,I,got,poisoning, ,0.9
4,@RogerVilchis pretty much i have food poisoning for the second day in a row.  Hahaha that is fucking awesome Ã­Â Â½Ã­Â¸Âˆ,@RogerVilchis pretty much i have food poisoning for the second day in a row,i,have,poisoning, ,0.9
4,@RogerVilchis pretty much i have food poisoning for the second day in a row.  Hahaha that is fucking awesome Ã­Â Â½Ã­Â¸Âˆ,  Hahaha that is fucking awesome ,that,fucking, , ,0.0
5,I think I have food poisoning. I've been throwing up like a sick grade schooler. All. Night.,I think I have food poisoning,I,think, , ,100.0
5,I think I have food poisoning. I've been throwing up like a sick grade schooler. All. Night.,I think I have food poisoning,I,have,poisoning, ,0.9
5,I think I have food poisoning. I've been throwing up like a sick grade schooler. All. Night., I've been throwing up like a sick grade schooler,I,throwing, , ,0.0
6,@maggiehendricks Honestly I'm not sure I've had a recognizable case of food poisoning before! so I'm all paranoid about still feeling gross.,@maggiehendricks Honestly I'm not sure I've had a recognizable case of food poisoning before! so I'm all paranoid about still feeling gross,Honestly,@maggiehendricks, , ,0.0
6,@maggiehendricks Honestly I'm not sure I've had a recognizable case of food poisoning before! so I'm all paranoid about still feeling gross.,@maggiehendricks Honestly I'm not sure I've had a recognizable case of food poisoning before! so I'm all paranoid about still feeling gross,I,sure, , ,0.0
6,@maggiehendricks Honestly I'm not sure I've had a recognizable case of food poisoning before! so I'm all paranoid about still feeling gross.,@maggiehendricks Honestly I'm not sure I've had a recognizable case of food poisoning before! so I'm all paranoid about still feeling gross,I,had,case,poisoning,0.8
6,@maggiehendricks Honestly I'm not sure I've had a recognizable case of food poisoning before! so I'm all paranoid about still feeling gross.,@maggiehendricks Honestly I'm not sure I've had a recognizable case of food poisoning before! so I'm all paranoid about still feeling gross,I,paranoid, , ,0.0
6,@maggiehendricks Honestly I'm not sure I've had a recognizable case of food poisoning before! so I'm all paranoid about still feeling gross.,@maggiehendricks Honestly I'm not sure I've had a recognizable case of food poisoning before! so I'm all paranoid about still feeling gross, ,feeling,gross, ,0.0
7,I got food poisoning last Saturday and my guts are still not happy.,I got food poisoning last Saturday and my guts are still not happy,I,got,poisoning, ,0.9
7,I got food poisoning last Saturday and my guts are still not happy.,I got food poisoning last Saturday and my guts are still not happy,guts,happy, , ,0.0
8,Should I go with pink eye or food poisoning if I call in sick today?,Should I go with pink eye or food poisoning if I call in sick today?,I,go, ,poisoning,0.15
8,Should I go with pink eye or food poisoning if I call in sick today?,Should I go with pink eye or food poisoning if I call in sick today?,I,call, , ,0.0
9,@Eroticagoddess4 if we can aim for Friday. Not sure if I have the flu or food poisoning but in lousy shape either way.,@Eroticagoddess4 if we can aim for Friday,we,aim, , ,0.0
9,@Eroticagoddess4 if we can aim for Friday. Not sure if I have the flu or food poisoning but in lousy shape either way., Not sure if I have the flu or food poisoning but in lousy shape either way,I,have,poisoning, ,0.15
10,My puke muscles are all sore after Thursday's food poisoning.,My puke muscles are all sore after Thursday's food poisoning,muscles,sore, ,poisoning,0.0
11,Why would I ever order from anywhere other than Taqueria El Ranchito? I've only gotten food poisoning from there once :),Why would I ever order from anywhere other than Taqueria El Ranchito? I've only gotten food poisoning from there once :),I,order, , ,0.0
11,Why would I ever order from anywhere other than Taqueria El Ranchito? I've only gotten food poisoning from there once :),Why would I ever order from anywhere other than Taqueria El Ranchito? I've only gotten food poisoning from there once :),I,gotten,poisoning, ,0.1
12,Sneak Peek! Ã¢Â€Â¢ Monday night food poisoning attacked my body and I slept most of the night on theÃ¢Â€Â¦ https://t.co/vnreD2JuYW,Sneak Peek!  Monday night food poisoning attacked my body and I slept most of the night on the https://t,poisoning,attacked,body, ,0.8
12,Sneak Peek! Ã¢Â€Â¢ Monday night food poisoning attacked my body and I slept most of the night on theÃ¢Â€Â¦ https://t.co/vnreD2JuYW,Sneak Peek!  Monday night food poisoning attacked my body and I slept most of the night on the https://t,I,slept,most, ,0.0
13,I think I got food poisoning Ã­Â Â½Ã­Â¸Â·Ã­Â Â½Ã­Â¸Â·,I think I got food poisoning ,I,think, , ,100.0
13,I think I got food poisoning Ã­Â Â½Ã­Â¸Â·Ã­Â Â½Ã­Â¸Â·,I think I got food poisoning ,I,got,poisoning, ,0.9
14,So this is either food poisoning or the flu.  Either way it seems appropriate for my birthday.,So this is either food poisoning or the flu,this,poisoning, , ,0.0
14,So this is either food poisoning or the flu.  Either way it seems appropriate for my birthday.,  Either way it seems appropriate for my birthday,it,seems, , ,0.0
15,I think Amina got food poisoning wtf,I think Amina got food poisoning wtf,I,think, , ,100.0
15,I think Amina got food poisoning wtf,I think Amina got food poisoning wtf,Amina,got,wtf, ,0.0
16,80% sure I have food poisoning and it is terrible.,80% sure i have food poisoning ,%,have,poisoning, ,0.0
17,@OriginalFandoms Well I found out I have gotten food poisoning. Yay me Ã­Â Â½Ã­Â¸Â?Ã­Â Â½Ã­Â¸Â? but I should be going back to school tomorrow.,@OriginalFandoms Well I found out I have gotten food poisoning,I,found, , ,0.0
17,@OriginalFandoms Well I found out I have gotten food poisoning. Yay me Ã­Â Â½Ã­Â¸Â?Ã­Â Â½Ã­Â¸Â? but I should be going back to school tomorrow.,@OriginalFandoms Well I found out I have gotten food poisoning,I,gotten,poisoning, ,0.9
17,@OriginalFandoms Well I found out I have gotten food poisoning. Yay me Ã­Â Â½Ã­Â¸Â?Ã­Â Â½Ã­Â¸Â? but I should be going back to school tomorrow., Yay me  but I should be going back to school tomorrow, ,Yay,me, ,0.0
17,@OriginalFandoms Well I found out I have gotten food poisoning. Yay me Ã­Â Â½Ã­Â¸Â?Ã­Â Â½Ã­Â¸Â? but I should be going back to school tomorrow., Yay me  but I should be going back to school tomorrow,I,going, , ,0.0
18,Let me find out I have food poisoning and IMA be mad asl.,let me find out i have food poisoning ,me,find,i, ,0.0
18,Let me find out I have food poisoning and IMA be mad asl.,let me find out i have food poisoning , ,have,poisoning, ,0.6
19,Nothing like having food poisoning come on mid show #monslyfe #barflyfe night 1 of growlers @ LincolnÃ¢Â€Â¦ https://t.co/VGmjdZCZwP,Nothing like having food poisoning come on mid show #monslyfe #barflyfe night 1 of growlers @ Lincoln https://t,Nothing,#barflyfe, , ,0.0
19,Nothing like having food poisoning come on mid show #monslyfe #barflyfe night 1 of growlers @ LincolnÃ¢Â€Â¦ https://t.co/VGmjdZCZwP,Nothing like having food poisoning come on mid show #monslyfe #barflyfe night 1 of growlers @ Lincoln https://t, ,come,poisoning, ,0.0
19,Nothing like having food poisoning come on mid show #monslyfe #barflyfe night 1 of growlers @ LincolnÃ¢Â€Â¦ https://t.co/VGmjdZCZwP,Nothing like having food poisoning come on mid show #monslyfe #barflyfe night 1 of growlers @ Lincoln https://t, ,#barflyfe,night, ,0.0
21,One way to loose those last 7 pounds. Food poisoning. Good thing my guy was there to take care of me the whole day. #swoon #relationship,One way to loose those last 7 pounds, ,loose,pounds, ,0.0
21,One way to loose those last 7 pounds. Food poisoning. Good thing my guy was there to take care of me the whole day. #swoon #relationship, Good thing my guy was there to take care of me the whole day,guy,was, , ,0.0
21,One way to loose those last 7 pounds. Food poisoning. Good thing my guy was there to take care of me the whole day. #swoon #relationship, Good thing my guy was there to take care of me the whole day,guy,take,care, ,0.0
22,There have been few times where I was scared that I was dying! but food poisoning is definitely the worst one.,There have been few times where I was scared that I was dying! but food poisoning is definitely the worst one,I,dying, , ,0.0
22,There have been few times where I was scared that I was dying! but food poisoning is definitely the worst one.,There have been few times where I was scared that I was dying! but food poisoning is definitely the worst one,poisoning,one, , ,0.0
23,Have some kind of stomach bug or food poisoning Ã­Â Â½Ã­Â¸Â“ &amp;&amp; the #ChicagoBlizzard is happening outside Ã¢Â?Â„Ã¯Â¸Â?Ã¢Â?Â„Ã¯Â¸Â?Ã­Â Â¼Ã­Â¼Â€Ã­Â Â¼Ã­Â¼Â€,Have some kind of stomach bug or food poisoning  &amp;&amp; the #ChicagoBlizzard is happening outside , ,Have,kind,poisoning,0.1
23,Have some kind of stomach bug or food poisoning Ã­Â Â½Ã­Â¸Â“ &amp;&amp; the #ChicagoBlizzard is happening outside Ã¢Â?Â„Ã¯Â¸Â?Ã¢Â?Â„Ã¯Â¸Â?Ã­Â Â¼Ã­Â¼Â€Ã­Â Â¼Ã­Â¼Â€,Have some kind of stomach bug or food poisoning  &amp;&amp; the #ChicagoBlizzard is happening outside ,#ChicagoBlizzard,happening, , ,0.0
24,I got food poisoning and I'm just....argh,i got food poisoning ,i,got,poisoning, ,0.9
25,Getcho weak ass outta here @High_Im_Kels: I think I have food poisoning,Getcho weak ass outta here @High_Im_Kels: I think I have food poisoning,outta,@High_Im_Kels, , ,0.0
25,Getcho weak ass outta here @High_Im_Kels: I think I have food poisoning,Getcho weak ass outta here @High_Im_Kels: I think I have food poisoning,I,think, , ,100.0
25,Getcho weak ass outta here @High_Im_Kels: I think I have food poisoning,Getcho weak ass outta here @High_Im_Kels: I think I have food poisoning,I,have,poisoning, ,0.9
26,trying to figure out if this is food poisoning or the stomach flu .,trying to figure out if this is food poisoning or the stomach flu ,this,poisoning, , ,0.0
27,Ugh! food poisoning. Guess I'm not being productive today., Guess I'm not being productive today,I,productive, , ,0.0
28,Food poisoning ain't nothing to play with... Fuck you panera pray for mike!!,Food poisoning ain't nothing to play with,poisoning,nothing, , ,0.0
28,Food poisoning ain't nothing to play with... Fuck you panera pray for mike!!,Food poisoning ain't nothing to play with,poisoning,play, , ,0.0
28,Food poisoning ain't nothing to play with... Fuck you panera pray for mike!!, Fuck you panera pray for mike!!,you,pray, , ,0.0
29,My wife has food poisoning but we have no idea from where because we ate the exact same things this weekend. #sharingplates I'm invincible,My wife has food poisoning but we have no idea from where because we ate the exact same things this weekend,wife,has,poisoning, ,0.2
29,My wife has food poisoning but we have no idea from where because we ate the exact same things this weekend. #sharingplates I'm invincible,My wife has food poisoning but we have no idea from where because we ate the exact same things this weekend,we,have,idea, ,0.0
29,My wife has food poisoning but we have no idea from where because we ate the exact same things this weekend. #sharingplates I'm invincible,My wife has food poisoning but we have no idea from where because we ate the exact same things this weekend, ,ate,things, ,0.0
29,My wife has food poisoning but we have no idea from where because we ate the exact same things this weekend. #sharingplates I'm invincible,My wife has food poisoning but we have no idea from where because we ate the exact same things this weekend,weekend,ate, , ,0.0
29,My wife has food poisoning but we have no idea from where because we ate the exact same things this weekend. #sharingplates I'm invincible, #sharingplates I'm invincible,I,invincible, , ,0.0
30,S/O to star grill for the food poisoning ! @woahitstaryn @LoGro73,S/O to star grill for the food poisoning ! @woahitstaryn @LoGro73,@LoGro73,S, , ,0.0
30,S/O to star grill for the food poisoning ! @woahitstaryn @LoGro73,S/O to star grill for the food poisoning ! @woahitstaryn @LoGro73,@LoGro73,star, , ,0.0
31,Stomach virus/food poisoning..this is hell Ã­Â Â½Ã­Â¸ÂžÃ­Â Â½Ã­Â¸Â­,Stomach virus/food poisoning, ,Stomach,poisoning, ,0.0
31,Stomach virus/food poisoning..this is hell Ã­Â Â½Ã­Â¸ÂžÃ­Â Â½Ã­Â¸Â­,this is hell ,this,hell, , ,0.0
32,@_LeeLaw our stomachs can't handle it. Pretty sure I had food poisoning from it,@_LeeLaw our stomachs can't handle it,stomachs,handle,it, ,0.0
32,@_LeeLaw our stomachs can't handle it. Pretty sure I had food poisoning from it, Pretty sure I had food poisoning from it,I,had,poisoning, ,0.0
33,You haven't lived until you've gotten extreme and messy food poisoning on a 12 hour flight. It was basically my worst nightmare.,You haven't lived until you've gotten extreme and messy food poisoning on a 12 hour flight,You,lived, , ,0.0
33,You haven't lived until you've gotten extreme and messy food poisoning on a 12 hour flight. It was basically my worst nightmare.,You haven't lived until you've gotten extreme and messy food poisoning on a 12 hour flight,you,gotten,poisoning, ,0.2
33,You haven't lived until you've gotten extreme and messy food poisoning on a 12 hour flight. It was basically my worst nightmare., It was basically my worst nightmare,It,nightmare, , ,0.0
34,@RestinpeaceRene calm down alcoholic!!! I think I have like food poisoning Ã­Â Â½Ã­Â´Â«,@RestinpeaceRene calm down alcoholic!!! I think I have like food poisoning , ,calm,!!!, ,0.0
34,@RestinpeaceRene calm down alcoholic!!! I think I have like food poisoning Ã­Â Â½Ã­Â´Â«,@RestinpeaceRene calm down alcoholic!!! I think I have like food poisoning ,I,think, , ,100.0
34,@RestinpeaceRene calm down alcoholic!!! I think I have like food poisoning Ã­Â Â½Ã­Â´Â«,@RestinpeaceRene calm down alcoholic!!! I think I have like food poisoning ,I,like, , ,0.0
35,Shoutout to Bdubs for giving me food poisoning this year. Fuck yo wings,Shoutout to Bdubs for giving me food poisoning this year, ,giving,poisoning, ,0.6
35,Shoutout to Bdubs for giving me food poisoning this year. Fuck yo wings, Fuck yo wings, ,Fuck,wings, ,0.0
36,Got food poisoning Ã­Â Â½Ã­Â¸Â· Im dyin,Got food poisoning  Im dyin,dyin,Got, , ,0.0
37,Quick shout out to @TBKtweets for giving me food poisoning! you made my post-Christmas weight loss much easier.,Quick shout out to @TBKtweets for giving me food poisoning! you made my post-Christmas weight loss much easier, ,giving,food, ,0.0
37,Quick shout out to @TBKtweets for giving me food poisoning! you made my post-Christmas weight loss much easier.,Quick shout out to @TBKtweets for giving me food poisoning! you made my post-Christmas weight loss much easier,you,made, , ,0.0
37,Quick shout out to @TBKtweets for giving me food poisoning! you made my post-Christmas weight loss much easier.,Quick shout out to @TBKtweets for giving me food poisoning! you made my post-Christmas weight loss much easier,loss,shout, , ,0.0
37,Quick shout out to @TBKtweets for giving me food poisoning! you made my post-Christmas weight loss much easier.,Quick shout out to @TBKtweets for giving me food poisoning! you made my post-Christmas weight loss much easier,loss,@TBKtweets, , ,0.0
38,Nothing says Christmas like food poisoning.,Nothing says Christmas like food poisoning,Nothing,says,Christmas,poisoning,0.0
39,After 7 hours in the ER! severe dehydration! touch of the flu! and food poisoning is the outcome. #MerryChristmas Ã­Â Â½Ã­Â¸Â·Ã­Â Â½Ã­Â¸Â«,After 7 hours in the ER! severe dehydration! touch of the flu! and food poisoning is the outcome,touch,outcome, ,poisoning,0.0
40,Pretty positive I have food poisoning Ã­Â Â½Ã­Â¸Â©,Pretty positive I have food poisoning ,I,have,poisoning, ,0.9
41,Food poisoning is the absolute worst ...,Food poisoning is the absolute worst ,poisoning,worst, , ,0.8
42,Looks like no partying for me tonight. Stuck in bed with food poisoning. Ã­Â Â½Ã­Â¸Â”,Looks like no partying for me tonight,tonight,Looks, , ,0.0
43,@FayroeFox the good news is food poisoning doesn't usually last long. Drink lots of water. Feel better soon.,@FayroeFox the good news is food poisoning doesn't usually last long,news,poisoning, , ,0.0
43,@FayroeFox the good news is food poisoning doesn't usually last long. Drink lots of water. Feel better soon., Drink lots of water, ,Drink,lots, ,0.0
44,Pretty sure I have food poisoning... Shoot me now! Ã­Â Â½Ã­Â¸Â©,Pretty sure I have food poisoning,I,have,poisoning, ,0.9
44,Pretty sure I have food poisoning... Shoot me now! Ã­Â Â½Ã­Â¸Â©, Shoot me now! , ,Shoot,me, ,0.0
45,jfc so many ppl are arriving sick and getting food poisoning... #MFF,jfc so many ppl are arriving sick and getting food poisoning,ppl,arriving, , ,0.0
45,jfc so many ppl are arriving sick and getting food poisoning... #MFF,jfc so many ppl are arriving sick and getting food poisoning,ppl,getting,poisoning, ,0.2
46,I think I might have gotten food poisoning or something because I just spent the last 14 hours dying lollol.,I think I might have gotten food poisoning or something because I just spent the last 14 hours dying lollol,I,think, , ,0.15
46,I think I might have gotten food poisoning or something because I just spent the last 14 hours dying lollol.,I think I might have gotten food poisoning or something because I just spent the last 14 hours dying lollol,I,gotten,something, ,0.0
46,I think I might have gotten food poisoning or something because I just spent the last 14 hours dying lollol.,I think I might have gotten food poisoning or something because I just spent the last 14 hours dying lollol,I,spent,hours, ,0.0
47,I have food poisoning! which is God's way of telling me that I've had it too good for too long.,I have food poisoning! which is God's way of telling me that I've had it too good for too long,I,have,food, ,0.0
47,I have food poisoning! which is God's way of telling me that I've had it too good for too long.,I have food poisoning! which is God's way of telling me that I've had it too good for too long,food,way, , ,0.0
47,I have food poisoning! which is God's way of telling me that I've had it too good for too long.,I have food poisoning! which is God's way of telling me that I've had it too good for too long, ,telling,me, ,0.0
47,I have food poisoning! which is God's way of telling me that I've had it too good for too long.,I have food poisoning! which is God's way of telling me that I've had it too good for too long,I,had,it, ,0.0
48,And he also thinks diarrhea is funny.,And he also thinks diarrhea is funny,he,thinks, , ,0.0
48,And he also thinks diarrhea is funny.,And he also thinks diarrhea is funny,diarrhea,funny, , ,0.0
49,if you got food poisoning would you go there again? noooo lmao exactly,if you got food poisoning would you go there again? noooo lmao exactly,you,got,food, ,0.0
49,if you got food poisoning would you go there again? noooo lmao exactly,if you got food poisoning would you go there again? noooo lmao exactly,you,go, , ,0.0
49,if you got food poisoning would you go there again? noooo lmao exactly,if you got food poisoning would you go there again? noooo lmao exactly, ,noooo,lmao, ,0.0
50,But I've seen ppl doing nonsensical! gross! sometimes dangerous things when preparing food. That's why food poisoning is prevalent.,But I've seen ppl doing nonsensical! gross! sometimes dangerous things when preparing food,I,seen, , ,0.0
50,But I've seen ppl doing nonsensical! gross! sometimes dangerous things when preparing food. That's why food poisoning is prevalent.,But I've seen ppl doing nonsensical! gross! sometimes dangerous things when preparing food, ,doing,things, ,0.0
50,But I've seen ppl doing nonsensical! gross! sometimes dangerous things when preparing food. That's why food poisoning is prevalent.,But I've seen ppl doing nonsensical! gross! sometimes dangerous things when preparing food, ,preparing,food, ,0.0
50,But I've seen ppl doing nonsensical! gross! sometimes dangerous things when preparing food. That's why food poisoning is prevalent., That's why food poisoning is prevalent,That,'s, , ,0.0
50,But I've seen ppl doing nonsensical! gross! sometimes dangerous things when preparing food. That's why food poisoning is prevalent., That's why food poisoning is prevalent,poisoning,prevalent, , ,0.0
51,Wtf I better not get food poisoning again. This shit is not okay,Wtf I better not get food poisoning again, ,Wtf,I, ,0.0
51,Wtf I better not get food poisoning again. This shit is not okay,Wtf I better not get food poisoning again, ,get,poisoning, ,0.0
51,Wtf I better not get food poisoning again. This shit is not okay, This shit is not okay,shit,okay, , ,0.0
52,Anyone wanna hit Jason's Deli? Anthony I don't give a fuck that you supposedly got food poisoning from there you lie about everything.,Anyone wanna hit Jason's Deli? Anthony I don't give a fuck that you supposedly got food poisoning from there you lie about everything,Anyone,wan, , ,0.0
52,Anyone wanna hit Jason's Deli? Anthony I don't give a fuck that you supposedly got food poisoning from there you lie about everything.,Anyone wanna hit Jason's Deli? Anthony I don't give a fuck that you supposedly got food poisoning from there you lie about everything,Anyone,hit,Anthony, ,0.0
52,Anyone wanna hit Jason's Deli? Anthony I don't give a fuck that you supposedly got food poisoning from there you lie about everything.,Anyone wanna hit Jason's Deli? Anthony I don't give a fuck that you supposedly got food poisoning from there you lie about everything,I,give,fuck, ,0.0
52,Anyone wanna hit Jason's Deli? Anthony I don't give a fuck that you supposedly got food poisoning from there you lie about everything.,Anyone wanna hit Jason's Deli? Anthony I don't give a fuck that you supposedly got food poisoning from there you lie about everything,you,got,poisoning, ,0.2
52,Anyone wanna hit Jason's Deli? Anthony I don't give a fuck that you supposedly got food poisoning from there you lie about everything.,Anyone wanna hit Jason's Deli? Anthony I don't give a fuck that you supposedly got food poisoning from there you lie about everything,you,lie, , ,0.0
53,Food poisoning-1 Erin-0. Happy finals week. I hate you PaneraBread. I really really hate you., I hate you PaneraBread,I,hate, , ,0.2
53,Food poisoning-1 Erin-0. Happy finals week. I hate you PaneraBread. I really really hate you., I hate you PaneraBread,you,PaneraBread, , ,0.0
53,Food poisoning-1 Erin-0. Happy finals week. I hate you PaneraBread. I really really hate you., I really really hate you,I,hate,you, ,0.0
54,@DanMewler sheetz has given me food poisoning at least once but idk sometimes that's just what u need,@DanMewler sheetz has given me food poisoning at least once but idk sometimes that's just what u need,sheetz,given,food, ,0.0
54,@DanMewler sheetz has given me food poisoning at least once but idk sometimes that's just what u need,@DanMewler sheetz has given me food poisoning at least once but idk sometimes that's just what u need,that,'s, , ,0.0
54,@DanMewler sheetz has given me food poisoning at least once but idk sometimes that's just what u need,@DanMewler sheetz has given me food poisoning at least once but idk sometimes that's just what u need,u,need, , ,0.0
55,Food poisoning is one of the worst things I have ever experienced! Ã­Â Â½Ã­Â¸Â£,Food poisoning is one of the worst things I have ever experienced! ,poisoning,one, , ,0.0
55,Food poisoning is one of the worst things I have ever experienced! Ã­Â Â½Ã­Â¸Â£,Food poisoning is one of the worst things I have ever experienced! ,I,experienced, , ,0.0
56,@thenaptownmedic no. i was too busy dying in nashville with food poisoning, i was too busy dying in nashville with food poisoning,i,busy, , ,0.0
57,V proud of myself for making ravioli and homemade Alfredo sauce AND brownies and not burning anything OR getting food poisoning. Ã­Â Â½Ã­Â±Â?,V proud of myself for making ravioli and homemade Alfredo sauce AND brownies and not burning anything OR getting food poisoning, ,making,brownies, ,0.0
57,V proud of myself for making ravioli and homemade Alfredo sauce AND brownies and not burning anything OR getting food poisoning. Ã­Â Â½Ã­Â±Â?,V proud of myself for making ravioli and homemade Alfredo sauce AND brownies and not burning anything OR getting food poisoning, ,burning,OR, ,0.0
57,V proud of myself for making ravioli and homemade Alfredo sauce AND brownies and not burning anything OR getting food poisoning. Ã­Â Â½Ã­Â±Â?,V proud of myself for making ravioli and homemade Alfredo sauce AND brownies and not burning anything OR getting food poisoning, ,getting,poisoning, ,0.6
58,I think I have food poisoning Ã­Â Â½Ã­Â¸Â©Ã­Â Â½Ã­Â¸Â©,I think I have food poisoning ,I,think, , ,100.0
58,I think I have food poisoning Ã­Â Â½Ã­Â¸Â©Ã­Â Â½Ã­Â¸Â©,I think I have food poisoning ,I,have,poisoning, ,0.9
59,@dazeavila you should drink to go home early from food poisoning,@dazeavila you should drink to go home early from food poisoning,you,drink, , ,0.0
59,@dazeavila you should drink to go home early from food poisoning,@dazeavila you should drink to go home early from food poisoning,you,go,home, ,0.0
61,Pretty sure I have food poisoning. It's gonna be a long night.,Pretty sure I have food poisoning,I,have,poisoning, ,0.9
61,Pretty sure I have food poisoning. It's gonna be a long night., It's gonna be a long night,It,gon, , ,0.0
61,Pretty sure I have food poisoning. It's gonna be a long night., It's gonna be a long night,It,night, , ,0.0
64,@Eric_Edholm sounds like something that would give you food poisoning,@Eric_Edholm sounds like something that would give you food poisoning,@Eric_Edholm,sounds, , ,0.0
64,@Eric_Edholm sounds like something that would give you food poisoning,@Eric_Edholm sounds like something that would give you food poisoning,something,give,poisoning, ,0.0
65,@ozzyugi hahaha. Is pizza good after food poisoning? Cuz I feel like around 10 I'm gonna want pizza so you should bring that too., Is pizza good after food poisoning? Cuz I feel like around 10 I'm gonna want pizza so you should bring that too,I,feel, , ,0.0
65,@ozzyugi hahaha. Is pizza good after food poisoning? Cuz I feel like around 10 I'm gonna want pizza so you should bring that too., Is pizza good after food poisoning? Cuz I feel like around 10 I'm gonna want pizza so you should bring that too,I,gon, , ,0.0
65,@ozzyugi hahaha. Is pizza good after food poisoning? Cuz I feel like around 10 I'm gonna want pizza so you should bring that too., Is pizza good after food poisoning? Cuz I feel like around 10 I'm gonna want pizza so you should bring that too,I,want,pizza, ,0.0
65,@ozzyugi hahaha. Is pizza good after food poisoning? Cuz I feel like around 10 I'm gonna want pizza so you should bring that too., Is pizza good after food poisoning? Cuz I feel like around 10 I'm gonna want pizza so you should bring that too,you,bring,that, ,0.0
66,Oh. Zayn got food poisoning., Zayn got food poisoning,Zayn,got,poisoning, ,0.0
68,Sick on the couch watching Home Alone. Food poisoning you're no fun.,Sick on the couch watching Home Alone, ,watching,Alone, ,0.0
68,Sick on the couch watching Home Alone. Food poisoning you're no fun., Food poisoning you're no fun,Food,poisoning, , ,0.0
68,Sick on the couch watching Home Alone. Food poisoning you're no fun., Food poisoning you're no fun,you,fun, , ,0.0
69,@sammayb4 food poisoning is the actual worst,@sammayb4 food poisoning is the actual worst,poisoning,worst, , ,0.8
70,Managed to get a new synth while enjoying a rousing bout of food poisoning. Silver lining to the day I guess.,Managed to get a new synth while enjoying a rousing bout of food poisoning, ,get,synth, ,0.0
70,Managed to get a new synth while enjoying a rousing bout of food poisoning. Silver lining to the day I guess.,Managed to get a new synth while enjoying a rousing bout of food poisoning, ,enjoying,bout,poisoning,0.0
70,Managed to get a new synth while enjoying a rousing bout of food poisoning. Silver lining to the day I guess., Silver lining to the day I guess,I,guess, , ,0.0
71,I think I have food poisoning. However it isn't going to stop me from taking advantage of the first chance I've had to brew in a month.,I think I have food poisoning,I,think, , ,100.0
71,I think I have food poisoning. However it isn't going to stop me from taking advantage of the first chance I've had to brew in a month.,I think I have food poisoning,I,have,poisoning, ,0.9
71,I think I have food poisoning. However it isn't going to stop me from taking advantage of the first chance I've had to brew in a month., However it isn't going to stop me from taking advantage of the first chance I've had to brew in a month,it,going, , ,0.0
71,I think I have food poisoning. However it isn't going to stop me from taking advantage of the first chance I've had to brew in a month., However it isn't going to stop me from taking advantage of the first chance I've had to brew in a month,it,stop,me, ,0.0
71,I think I have food poisoning. However it isn't going to stop me from taking advantage of the first chance I've had to brew in a month., However it isn't going to stop me from taking advantage of the first chance I've had to brew in a month, ,taking,advantage, ,0.0
71,I think I have food poisoning. However it isn't going to stop me from taking advantage of the first chance I've had to brew in a month., However it isn't going to stop me from taking advantage of the first chance I've had to brew in a month,I,had, , ,0.0
71,I think I have food poisoning. However it isn't going to stop me from taking advantage of the first chance I've had to brew in a month., However it isn't going to stop me from taking advantage of the first chance I've had to brew in a month,I,brew, , ,0.0
72,I have food poisoning &amp; I'm on my way to a 5 year old's birthday party &amp; I already threw up all over my bathroom,i have food poisoning ,i,have,poisoning, ,0.9
73,Me and Cheryl may or may not have food poisoning from Wendy's.,Me and Cheryl may or may not have food poisoning from Wendy's,Me,have, , ,0.2
73,Me and Cheryl may or may not have food poisoning from Wendy's.,Me and Cheryl may or may not have food poisoning from Wendy's,Cheryl,have,poisoning, ,0.0
74,Oh nah!  can't afford another food poisoning! Ã­Â Â½Ã­Â¸Â¡Ã­Â Â½Ã­Â¸Â¤,Oh nah!  can't afford another food poisoning! , ,afford,poisoning, ,0.0
75,They're trying to make me eat at a wedding from the same family member from another wedding I got food poisoning from. No thanks I'm good!,They're trying to make me eat at a wedding from the same family member from another wedding I got food poisoning from,They,trying, , ,0.0
75,They're trying to make me eat at a wedding from the same family member from another wedding I got food poisoning from. No thanks I'm good!,They're trying to make me eat at a wedding from the same family member from another wedding I got food poisoning from,They,make, , ,0.0
75,They're trying to make me eat at a wedding from the same family member from another wedding I got food poisoning from. No thanks I'm good!,They're trying to make me eat at a wedding from the same family member from another wedding I got food poisoning from,me,eat, , ,0.0
75,They're trying to make me eat at a wedding from the same family member from another wedding I got food poisoning from. No thanks I'm good!,They're trying to make me eat at a wedding from the same family member from another wedding I got food poisoning from,I,got,poisoning, ,0.9
75,They're trying to make me eat at a wedding from the same family member from another wedding I got food poisoning from. No thanks I'm good!, No thanks I'm good!,thanks,good, , ,0.0
75,They're trying to make me eat at a wedding from the same family member from another wedding I got food poisoning from. No thanks I'm good!, No thanks I'm good!,I,good, , ,0.0
76,So SO heartbroken that I'm missing @ModernBaseball and @Somosbandma tonight. Ive been looking so forward to this. Damn you food poisoning...,So SO heartbroken that I'm missing @ModernBaseball and @Somosbandma tonight,SO,heartbroken, , ,0.0
76,So SO heartbroken that I'm missing @ModernBaseball and @Somosbandma tonight. Ive been looking so forward to this. Damn you food poisoning...,So SO heartbroken that I'm missing @ModernBaseball and @Somosbandma tonight,I,missing,tonight, ,0.0
76,So SO heartbroken that I'm missing @ModernBaseball and @Somosbandma tonight. Ive been looking so forward to this. Damn you food poisoning..., Damn you food poisoning,you,poisoning, , ,0.0
77,Think I have some type of food poisoning.,Think I have some type of food poisoning,I,have,type,poisoning,0.8
78,87th &amp; Dan Ryan Harold's is terrible. They stingy with the sauce &amp; I know like 3 ppl that got food poisoning from it sooooo,87th &amp; Dan Ryan Harold's is terrible,Harold,terrible, , ,0.0
78,87th &amp; Dan Ryan Harold's is terrible. They stingy with the sauce &amp; I know like 3 ppl that got food poisoning from it sooooo, They stingy with the sauce &amp; I know like 3 ppl that got food poisoning from it sooooo,They,stingy, , ,0.0
78,87th &amp; Dan Ryan Harold's is terrible. They stingy with the sauce &amp; I know like 3 ppl that got food poisoning from it sooooo, They stingy with the sauce &amp; I know like 3 ppl that got food poisoning from it sooooo,ppl,got,poisoning, ,0.2
78,87th &amp; Dan Ryan Harold's is terrible. They stingy with the sauce &amp; I know like 3 ppl that got food poisoning from it sooooo, They stingy with the sauce &amp; I know like 3 ppl that got food poisoning from it sooooo,sooooo,know, , ,0.0
79,I got food poisoning from the all you can ear sushi bar last night but all i can think about is how good it was and how i want to go back,I got food poisoning from the all you can ear sushi bar last night but all i can think about is how good it was and how i want to go back,I,got,poisoning, ,0.9
79,I got food poisoning from the all you can ear sushi bar last night but all i can think about is how good it was and how i want to go back,I got food poisoning from the all you can ear sushi bar last night but all i can think about is how good it was and how i want to go back,you,ear,bar, ,0.0
79,I got food poisoning from the all you can ear sushi bar last night but all i can think about is how good it was and how i want to go back,I got food poisoning from the all you can ear sushi bar last night but all i can think about is how good it was and how i want to go back,i,think, , ,100.0
79,I got food poisoning from the all you can ear sushi bar last night but all i can think about is how good it was and how i want to go back,I got food poisoning from the all you can ear sushi bar last night but all i can think about is how good it was and how i want to go back,it,was, , ,0.0
79,I got food poisoning from the all you can ear sushi bar last night but all i can think about is how good it was and how i want to go back,I got food poisoning from the all you can ear sushi bar last night but all i can think about is how good it was and how i want to go back,i,want, , ,0.0
79,I got food poisoning from the all you can ear sushi bar last night but all i can think about is how good it was and how i want to go back,I got food poisoning from the all you can ear sushi bar last night but all i can think about is how good it was and how i want to go back,i,go, , ,0.0
80,Food poisoning is something I fear on a daily basis... guess who's got it again??? I seriously must get food poisoning once a year.,Food poisoning is something I fear on a daily basis,poisoning,something, , ,0.0
80,Food poisoning is something I fear on a daily basis... guess who's got it again??? I seriously must get food poisoning once a year.,Food poisoning is something I fear on a daily basis,I,fear, , ,0.0
80,Food poisoning is something I fear on a daily basis... guess who's got it again??? I seriously must get food poisoning once a year., guess who's got it again??? I seriously must get food poisoning once a year, ,got,who, ,0.0
80,Food poisoning is something I fear on a daily basis... guess who's got it again??? I seriously must get food poisoning once a year., guess who's got it again??? I seriously must get food poisoning once a year,'s,got, , ,0.0
80,Food poisoning is something I fear on a daily basis... guess who's got it again??? I seriously must get food poisoning once a year., guess who's got it again??? I seriously must get food poisoning once a year,it,???, , ,0.0
80,Food poisoning is something I fear on a daily basis... guess who's got it again??? I seriously must get food poisoning once a year., guess who's got it again??? I seriously must get food poisoning once a year,I,get,poisoning, ,0.0
81,Acabo de descubrir q el marisco es altemente alÃƒÂ©rgico y todo pq uno de la ofi comiÃƒÂ³ cangrejo! tuvo food poisoning y acabo en el hospital,Acabo de descubrir q el marisco es altemente alrgico y todo pq uno de la ofi comi cangrejo! tuvo food poisoning y acabo en el hospital,la,ofi,acabo, ,0.0
82,This has been a fine vacation. Had to skip the first half of it for work and I've been sick for the rest of it I think with food poisoning.,This has been a fine vacation,This,vacation, , ,0.0
82,This has been a fine vacation. Had to skip the first half of it for work and I've been sick for the rest of it I think with food poisoning., Had to skip the first half of it for work and I've been sick for the rest of it I think with food poisoning, ,skip,half, ,0.0
82,This has been a fine vacation. Had to skip the first half of it for work and I've been sick for the rest of it I think with food poisoning., Had to skip the first half of it for work and I've been sick for the rest of it I think with food poisoning,I,sick, , ,0.0
82,This has been a fine vacation. Had to skip the first half of it for work and I've been sick for the rest of it I think with food poisoning., Had to skip the first half of it for work and I've been sick for the rest of it I think with food poisoning,I,think, ,poisoning,100.0
83,Stomach flu or either food poisoning. Omg. I hate my life.,Stomach flu or either food poisoning, ,Stomach,poisoning, ,0.0
83,Stomach flu or either food poisoning. Omg. I hate my life., I hate my life,I,hate,life, ,0.0
84,@Avvesione I had an acute case of stomach flu/food poisoning on Monday night! so I spent all of Tuesday sleeping &amp; today recouping,@Avvesione I had an acute case of stomach flu/food poisoning on Monday night! so I spent all of Tuesday sleeping &amp; today recouping,I,had,case,poisoning,0.8
84,@Avvesione I had an acute case of stomach flu/food poisoning on Monday night! so I spent all of Tuesday sleeping &amp; today recouping,@Avvesione I had an acute case of stomach flu/food poisoning on Monday night! so I spent all of Tuesday sleeping &amp; today recouping,I,spent,all, ,0.0
84,@Avvesione I had an acute case of stomach flu/food poisoning on Monday night! so I spent all of Tuesday sleeping &amp; today recouping,@Avvesione I had an acute case of stomach flu/food poisoning on Monday night! so I spent all of Tuesday sleeping &amp; today recouping,today,recouping, , ,0.0
85,@dawncflv that's not food poisoning w/ chills u must have a virus,@dawncflv that's not food poisoning w/ chills u must have a virus, ,have,virus, ,0.0
86,the cool thing about missing work with food poisoning is that I get to feel like grim death from the comfort of my own home,the cool thing about missing work with food poisoning is that I get to feel like grim death from the comfort of my own home,thing,is, , ,0.0
86,the cool thing about missing work with food poisoning is that I get to feel like grim death from the comfort of my own home,the cool thing about missing work with food poisoning is that I get to feel like grim death from the comfort of my own home,I,get, , ,0.0
86,the cool thing about missing work with food poisoning is that I get to feel like grim death from the comfort of my own home,the cool thing about missing work with food poisoning is that I get to feel like grim death from the comfort of my own home,I,feel, , ,0.0
87,this food poisoning thing can go kick rocks imo,this food poisoning thing can go kick rocks imo,thing,go,rocks, ,0.0
88,When you puke on a weeknight in college from food poisoning and people think you're turnt Ã­Â Â½Ã­Â¸Â‘,when you puke on a weeknight in college from food poisoning ,you,puke, ,poisoning,0.0
89,I think I got food poisoning from Durbin's fml.,I think I got food poisoning from Durbin's fml,I,think, , ,100.0
89,I think I got food poisoning from Durbin's fml.,I think I got food poisoning from Durbin's fml,I,got,poisoning, ,0.9
90,Feel like I got food poisoning or sum Ã­Â Â½Ã­Â¸Â·,Feel like I got food poisoning or sum ,I,got,sum, ,0.0
91,Twitter! I've been battling food poisoning all night into this AM. Let's just say that today is NOT going to be awesome.... :(,Twitter! I've been battling food poisoning all night into this AM,I,battling,poisoning, ,0.9
91,Twitter! I've been battling food poisoning all night into this AM. Let's just say that today is NOT going to be awesome.... :(, Let's just say that today is NOT going to be awesome,Let,say, , ,0.0
91,Twitter! I've been battling food poisoning all night into this AM. Let's just say that today is NOT going to be awesome.... :(, Let's just say that today is NOT going to be awesome,today,going, , ,0.0
91,Twitter! I've been battling food poisoning all night into this AM. Let's just say that today is NOT going to be awesome.... :(, Let's just say that today is NOT going to be awesome,today,awesome, , ,0.0
92,@maliksahero this was when he was sick with food poisoning,@maliksahero this was when he was sick with food poisoning,this,was, , ,0.0
92,@maliksahero this was when he was sick with food poisoning,@maliksahero this was when he was sick with food poisoning,he,sick, ,poisoning,0.0
94,@g1bbs9 if it is food poisoning it usually resolved itself within 24 hours. Fingers crossed!,@g1bbs9 if it is food poisoning it usually resolved itself within 24 hours,it,poisoning, , ,0.0
94,@g1bbs9 if it is food poisoning it usually resolved itself within 24 hours. Fingers crossed!,@g1bbs9 if it is food poisoning it usually resolved itself within 24 hours,it,resolved,itself, ,0.0
94,@g1bbs9 if it is food poisoning it usually resolved itself within 24 hours. Fingers crossed!, Fingers crossed!,Fingers,crossed, , ,0.0
96,Food poisoning. Awesome. Not like I have a busy week or anything... #miserable, Not like I have a busy week or anything,I,have, , ,0.2
97,Spent 30$ at bdubs for food poisoning! love next time maybe they can run me 3 for 25$ poisoning on the side Ã­Â Â½Ã­Â¸Â·Ã­Â Â½Ã­Â¸Â·Ã­Â Â½Ã­Â¸Â±Ã­Â Â½Ã­Â¸Â±,Spent 30$ at bdubs for food poisoning! love next time maybe they can run me 3 for 25$ poisoning on the side ,30,$, , ,0.0
97,Spent 30$ at bdubs for food poisoning! love next time maybe they can run me 3 for 25$ poisoning on the side Ã­Â Â½Ã­Â¸Â·Ã­Â Â½Ã­Â¸Â·Ã­Â Â½Ã­Â¸Â±Ã­Â Â½Ã­Â¸Â±,Spent 30$ at bdubs for food poisoning! love next time maybe they can run me 3 for 25$ poisoning on the side ,$,love,time, ,0.0
97,Spent 30$ at bdubs for food poisoning! love next time maybe they can run me 3 for 25$ poisoning on the side Ã­Â Â½Ã­Â¸Â·Ã­Â Â½Ã­Â¸Â·Ã­Â Â½Ã­Â¸Â±Ã­Â Â½Ã­Â¸Â±,Spent 30$ at bdubs for food poisoning! love next time maybe they can run me 3 for 25$ poisoning on the side ,they,run, , ,0.0
97,Spent 30$ at bdubs for food poisoning! love next time maybe they can run me 3 for 25$ poisoning on the side Ã­Â Â½Ã­Â¸Â·Ã­Â Â½Ã­Â¸Â·Ã­Â Â½Ã­Â¸Â±Ã­Â Â½Ã­Â¸Â±,Spent 30$ at bdubs for food poisoning! love next time maybe they can run me 3 for 25$ poisoning on the side ,me,3, , ,0.0
99,Food poisoning is no fun.,Food poisoning is no fun,poisoning,fun, , ,0.0
100,how the hell are we already at max bathroom capacity at work - food poisoning? this sucks,how the hell are we already at max bathroom capacity at work - food poisoning? this sucks,we,are, , ,0.0
100,how the hell are we already at max bathroom capacity at work - food poisoning? this sucks,how the hell are we already at max bathroom capacity at work - food poisoning? this sucks,this,sucks, , ,0.0
101,Going to try cooking for Val this weekend. I never cook. Aside from frozen pizza. I will 100% end up giving her food poisoning somehow.,Going to try cooking for Val this weekend, ,cooking,weekend, ,0.0
101,Going to try cooking for Val this weekend. I never cook. Aside from frozen pizza. I will 100% end up giving her food poisoning somehow., I never cook,I,cook, , ,0.0
101,Going to try cooking for Val this weekend. I never cook. Aside from frozen pizza. I will 100% end up giving her food poisoning somehow., I will 100% end up giving her food poisoning somehow,I,will,%, ,0.0
101,Going to try cooking for Val this weekend. I never cook. Aside from frozen pizza. I will 100% end up giving her food poisoning somehow., I will 100% end up giving her food poisoning somehow, ,giving,poisoning, ,0.6
102,Thank u bdubs for giving me food poisoning the day before my physics midterm,Thank u bdubs for giving me food poisoning the day before my physics midterm, ,Thank,bdubs, ,0.0
102,Thank u bdubs for giving me food poisoning the day before my physics midterm,Thank u bdubs for giving me food poisoning the day before my physics midterm, ,giving,poisoning, ,0.6
103,@Cordoor_4 @KenReynolds20 Cori I'd truly rather get food poisoning,@Cordoor_4 @KenReynolds20 Cori I'd truly rather get food poisoning,@KenReynolds20,Cori, , ,0.0
103,@Cordoor_4 @KenReynolds20 Cori I'd truly rather get food poisoning,@Cordoor_4 @KenReynolds20 Cori I'd truly rather get food poisoning,I,get,poisoning, ,0.0
104,@SSchitown201 Im not surprised! Food poisoning is something im afraid of too,@SSchitown201 Im not surprised! Food poisoning is something im afraid of too,poisoning,im, , ,0.0
105,Wow thanks for running my day food poisoning.,Wow thanks for running my day food poisoning, ,running,poisoning, ,0.0
106,Elizabeth has food poisoning. Cool.,Elizabeth has food poisoning,Elizabeth,has,poisoning, ,0.0
108,I got food poisoning from the hotel pasta we had for lunch I'm pissed,I got food poisoning from the hotel pasta we had for lunch I'm pissed,I,got,poisoning, ,0.9
108,I got food poisoning from the hotel pasta we had for lunch I'm pissed,I got food poisoning from the hotel pasta we had for lunch I'm pissed,we,had, , ,0.0
109,Those who say I've had no successes are so wrong: as of tonight I've *sucessfully* gotten food poisoning from BOTH Taco Bell and Del Taco,Those who say I've had no successes are so wrong: as of tonight I've *sucessfully* gotten food poisoning from BOTH Taco Bell and Del Taco,Those,say, , ,0.0
109,Those who say I've had no successes are so wrong: as of tonight I've *sucessfully* gotten food poisoning from BOTH Taco Bell and Del Taco,Those who say I've had no successes are so wrong: as of tonight I've *sucessfully* gotten food poisoning from BOTH Taco Bell and Del Taco,Those,wrong, , ,0.0
109,Those who say I've had no successes are so wrong: as of tonight I've *sucessfully* gotten food poisoning from BOTH Taco Bell and Del Taco,Those who say I've had no successes are so wrong: as of tonight I've *sucessfully* gotten food poisoning from BOTH Taco Bell and Del Taco,I,had,successes, ,0.0
109,Those who say I've had no successes are so wrong: as of tonight I've *sucessfully* gotten food poisoning from BOTH Taco Bell and Del Taco,Those who say I've had no successes are so wrong: as of tonight I've *sucessfully* gotten food poisoning from BOTH Taco Bell and Del Taco,I,*,*, ,0.0
109,Those who say I've had no successes are so wrong: as of tonight I've *sucessfully* gotten food poisoning from BOTH Taco Bell and Del Taco,Those who say I've had no successes are so wrong: as of tonight I've *sucessfully* gotten food poisoning from BOTH Taco Bell and Del Taco, ,gotten,poisoning, ,0.6
110,@Vileself me! then cod aw grind i have food poisoning lmao,@Vileself me! then cod aw grind i have food poisoning lmao,@Vileself,grind, , ,0.0
110,@Vileself me! then cod aw grind i have food poisoning lmao,@Vileself me! then cod aw grind i have food poisoning lmao,me,!, , ,0.0
110,@Vileself me! then cod aw grind i have food poisoning lmao,@Vileself me! then cod aw grind i have food poisoning lmao,i,have,lmao, ,0.0
111,Fuck food poisoning.,Fuck food poisoning, ,Fuck,poisoning, ,0.6
113,I get food poisoning because some pos didn't want to wash his hands after using the restroom. Fml.,I get food poisoning because some pos didn't want to wash his hands after using the restroom,I,get,poisoning, ,0.0
113,I get food poisoning because some pos didn't want to wash his hands after using the restroom. Fml.,I get food poisoning because some pos didn't want to wash his hands after using the restroom,pos,want, , ,0.0
113,I get food poisoning because some pos didn't want to wash his hands after using the restroom. Fml.,I get food poisoning because some pos didn't want to wash his hands after using the restroom,pos,wash,hands, ,0.0
113,I get food poisoning because some pos didn't want to wash his hands after using the restroom. Fml.,I get food poisoning because some pos didn't want to wash his hands after using the restroom, ,using,restroom, ,0.0
114,@DonnieWahlberg good is an overstatement curled up in a fetal position from food poisoning how's ur day,@DonnieWahlberg good is an overstatement curled up in a fetal position from food poisoning how's ur day,overstatement,@DonnieWahlberg, , ,0.0
115,Wassup twitter!  today I'm nt feeling well...at home In bed; idk If it's food poisoning or what but overall I'm not feeling it Ã­Â Â½Ã­Â¸Â·,Wassup twitter!  today I'm nt feeling well,twitter,!, , ,0.0
115,Wassup twitter!  today I'm nt feeling well...at home In bed; idk If it's food poisoning or what but overall I'm not feeling it Ã­Â Â½Ã­Â¸Â·,Wassup twitter!  today I'm nt feeling well,I,feeling, , ,0.0
115,Wassup twitter!  today I'm nt feeling well...at home In bed; idk If it's food poisoning or what but overall I'm not feeling it Ã­Â Â½Ã­Â¸Â·,at home In bed; idk If it's food poisoning or what but overall I'm not feeling it ,it,poisoning, , ,0.0
115,Wassup twitter!  today I'm nt feeling well...at home In bed; idk If it's food poisoning or what but overall I'm not feeling it Ã­Â Â½Ã­Â¸Â·,at home In bed; idk If it's food poisoning or what but overall I'm not feeling it ,I,feeling,it, ,0.0
116,@joeymcintyre I got food poisoning! you win lmaoooo,@joeymcintyre I got food poisoning! you win lmaoooo,I,got,food, ,0.0
116,@joeymcintyre I got food poisoning! you win lmaoooo,@joeymcintyre I got food poisoning! you win lmaoooo,you,win,lmaoooo, ,0.0
117,apparently I do not have the flu but food poisoning. lovely...,apparently I do not have the flu but food poisoning,I,have,flu, ,0.0
118,@blackmadonnachi nothing was crueler than flying first to Japan &amp; 3 days later coach on Malaysian Air for 12 hours with food poisoning.,@blackmadonnachi nothing was crueler than flying first to Japan &amp; 3 days later coach on Malaysian Air for 12 hours with food poisoning,nothing,crueler, , ,0.0
118,@blackmadonnachi nothing was crueler than flying first to Japan &amp; 3 days later coach on Malaysian Air for 12 hours with food poisoning.,@blackmadonnachi nothing was crueler than flying first to Japan &amp; 3 days later coach on Malaysian Air for 12 hours with food poisoning, ,flying,coach, ,0.0
119,@SuperBad_ food poisoning but I still went to the interview.,@SuperBad_ food poisoning but I still went to the interview, ,@SuperBad_,poisoning, ,0.0
119,@SuperBad_ food poisoning but I still went to the interview.,@SuperBad_ food poisoning but I still went to the interview,I,went, , ,0.0
120,I'd rather have food poisoning than strep throat. And I'm not just saying that because I have strep right now. It's literally The Worst.,I'd rather have food poisoning than strep throat,I,have,poisoning, ,0.9
120,I'd rather have food poisoning than strep throat. And I'm not just saying that because I have strep right now. It's literally The Worst., And I'm not just saying that because I have strep right now,I,saying, , ,0.0
120,I'd rather have food poisoning than strep throat. And I'm not just saying that because I have strep right now. It's literally The Worst., And I'm not just saying that because I have strep right now,I,strep, , ,0.0
120,I'd rather have food poisoning than strep throat. And I'm not just saying that because I have strep right now. It's literally The Worst., It's literally The Worst,It,Worst, , ,0.0
121,Granite City sounds like a terrible place to get anything other than food poisoning or scabies,Granite City sounds like a terrible place to get anything other than food poisoning or scabies,City,sounds, , ,0.0
121,Granite City sounds like a terrible place to get anything other than food poisoning or scabies,Granite City sounds like a terrible place to get anything other than food poisoning or scabies,City,get,anything,poisoning,0.0
122,@cisko @Gen_Con It definitely is. I need a do-over from my last Gencon food poisoning experience.,@cisko @Gen_Con It definitely is,It,is, , ,0.0
122,@cisko @Gen_Con It definitely is. I need a do-over from my last Gencon food poisoning experience., I need a do-over from my last Gencon food poisoning experience,I,need,do-over, ,0.0
124,yay food poisoning,yay food poisoning, ,yay,poisoning, ,0.0
125,@CurtisMMorrison I used to like it! but after a bad bout of food poisoning! zucchini and I are no longer friends.,@CurtisMMorrison I used to like it! but after a bad bout of food poisoning! zucchini and I are no longer friends,I,used, , ,0.0
125,@CurtisMMorrison I used to like it! but after a bad bout of food poisoning! zucchini and I are no longer friends.,@CurtisMMorrison I used to like it! but after a bad bout of food poisoning! zucchini and I are no longer friends,I,like,zucchini, ,0.0
125,@CurtisMMorrison I used to like it! but after a bad bout of food poisoning! zucchini and I are no longer friends.,@CurtisMMorrison I used to like it! but after a bad bout of food poisoning! zucchini and I are no longer friends,I,friends, , ,0.0
126,@blergh that or food poisoning,@blergh that or food poisoning, ,@blergh,poisoning, ,0.0
127,@Bgfilly Good!!! Food poisoning is nothing to mess around with. SMH...,@Bgfilly Good!!! Food poisoning is nothing to mess around with,poisoning,nothing, , ,0.0
128,This song always reminds me of @Jakkattackk mostly because she got food poisoning in El Paso @sickofsarah http://t.co/HiUbSINlCn,This song always reminds me of @Jakkattackk mostly because she got food poisoning in El Paso @sickofsarah http://t,song,reminds,me, ,0.0
128,This song always reminds me of @Jakkattackk mostly because she got food poisoning in El Paso @sickofsarah http://t.co/HiUbSINlCn,This song always reminds me of @Jakkattackk mostly because she got food poisoning in El Paso @sickofsarah http://t,she,got,poisoning, ,0.2
128,This song always reminds me of @Jakkattackk mostly because she got food poisoning in El Paso @sickofsarah http://t.co/HiUbSINlCn,This song always reminds me of @Jakkattackk mostly because she got food poisoning in El Paso @sickofsarah http://t,,t, , ,0.0
129,I just love having food poisoning Ã­Â Â½Ã­Â¸ÂƒÃ­Â Â½Ã­Â±ÂŒÃ­Â Â½Ã­Â¸Â…,I just love having food poisoning ,I,love, , ,0.0
129,I just love having food poisoning Ã­Â Â½Ã­Â¸ÂƒÃ­Â Â½Ã­Â±ÂŒÃ­Â Â½Ã­Â¸Â…,I just love having food poisoning , ,having,poisoning, ,0.6
130,.@RobLowe I feel like Chris would be losing his shit worse than that episode where he was actually losing his shit. Food poisoning &lt; Ebola,@RobLowe I feel like Chris would be losing his shit worse than that episode where he was actually losing his shit,I,feel, , ,0.0
130,.@RobLowe I feel like Chris would be losing his shit worse than that episode where he was actually losing his shit. Food poisoning &lt; Ebola,@RobLowe I feel like Chris would be losing his shit worse than that episode where he was actually losing his shit,Chris,losing, , ,0.0
130,.@RobLowe I feel like Chris would be losing his shit worse than that episode where he was actually losing his shit. Food poisoning &lt; Ebola,@RobLowe I feel like Chris would be losing his shit worse than that episode where he was actually losing his shit,shit,losing, , ,0.0
130,.@RobLowe I feel like Chris would be losing his shit worse than that episode where he was actually losing his shit. Food poisoning &lt; Ebola,@RobLowe I feel like Chris would be losing his shit worse than that episode where he was actually losing his shit,he,losing,shit, ,0.0
131,How do you know when you have food poisoning?,How do you know when you have food poisoning?,you,know, , ,0.0
131,How do you know when you have food poisoning?,How do you know when you have food poisoning?,you,have,poisoning, ,0.2
132,It's just food poisoning.,It's just food poisoning,It,poisoning, , ,0.0
133,I got food poisoning today. I don't know when I'll use it.,I got food poisoning today,I,got,poisoning, ,0.9
133,I got food poisoning today. I don't know when I'll use it., I don't know when I'll use it,I,know, , ,0.0
133,I got food poisoning today. I don't know when I'll use it., I don't know when I'll use it,I,use,it, ,0.0
134,I'm just kidding it's too soon for that joke I had food poisoning and I think it was Olive Garden but I'm alive and well,i'm just kidding it's too soon for that joke i had food poisoning ,i,kidding, , ,0.0
134,I'm just kidding it's too soon for that joke I had food poisoning and I think it was Olive Garden but I'm alive and well,i'm just kidding it's too soon for that joke i had food poisoning ,it,'s, , ,0.0
134,I'm just kidding it's too soon for that joke I had food poisoning and I think it was Olive Garden but I'm alive and well,i'm just kidding it's too soon for that joke i had food poisoning ,i,had,poisoning, ,0.0
135,@gold_f1nger food poisoning! oregon thumb always was says that,@gold_f1nger food poisoning! oregon thumb always was says that,thumb,says,that, ,0.0
136,and i have hella food poisoning so ima just stay here,and i have hella food poisoning so ima just stay here, ,have,poisoning, ,0.6
136,and i have hella food poisoning so ima just stay here,and i have hella food poisoning so ima just stay here,ima,stay, , ,0.0
137,I hope I get food poisoning everybody cross your fingers for me this is something I've always wanted,I hope I get food poisoning everybody cross your fingers for me this is something I've always wanted,I,hope, , ,0.0
137,I hope I get food poisoning everybody cross your fingers for me this is something I've always wanted,I hope I get food poisoning everybody cross your fingers for me this is something I've always wanted,I,get, , ,0.0
137,I hope I get food poisoning everybody cross your fingers for me this is something I've always wanted,I hope I get food poisoning everybody cross your fingers for me this is something I've always wanted,everybody,cross,fingers, ,0.0
137,I hope I get food poisoning everybody cross your fingers for me this is something I've always wanted,I hope I get food poisoning everybody cross your fingers for me this is something I've always wanted,me,something, , ,0.0
137,I hope I get food poisoning everybody cross your fingers for me this is something I've always wanted,I hope I get food poisoning everybody cross your fingers for me this is something I've always wanted,I,wanted, , ,0.0
138,I'm too cool to worry about food poisoning,I'm too cool to worry about food poisoning,I,cool, , ,0.0
138,I'm too cool to worry about food poisoning,I'm too cool to worry about food poisoning,I,worry, ,poisoning,0.8
140,I think I have food poisoning but I have a product reveal scheduled for today! What are some quick fixes for food poisoning? #entrepreneur,I think I have food poisoning but I have a product reveal scheduled for today! What are some quick fixes for food poisoning? #entrepreneur,I,think, , ,0.15
140,I think I have food poisoning but I have a product reveal scheduled for today! What are some quick fixes for food poisoning? #entrepreneur,I think I have food poisoning but I have a product reveal scheduled for today! What are some quick fixes for food poisoning? #entrepreneur,I,have,poisoning, ,0.15
140,I think I have food poisoning but I have a product reveal scheduled for today! What are some quick fixes for food poisoning? #entrepreneur,I think I have food poisoning but I have a product reveal scheduled for today! What are some quick fixes for food poisoning? #entrepreneur,I,have,product, ,0.0
140,I think I have food poisoning but I have a product reveal scheduled for today! What are some quick fixes for food poisoning? #entrepreneur,I think I have food poisoning but I have a product reveal scheduled for today! What are some quick fixes for food poisoning? #entrepreneur,fixes,What, ,poisoning,0.0
140,I think I have food poisoning but I have a product reveal scheduled for today! What are some quick fixes for food poisoning? #entrepreneur,I think I have food poisoning but I have a product reveal scheduled for today! What are some quick fixes for food poisoning? #entrepreneur,#entrepreneur,reveal, , ,0.0
141,I never thought chipotle would deceive me... I think I got food poisoning Ã­Â Â½Ã­Â¸Â–Ã­Â Â½Ã­Â¸Â”,I never thought chipotle would deceive me,I,thought, , ,0.0
141,I never thought chipotle would deceive me... I think I got food poisoning Ã­Â Â½Ã­Â¸Â–Ã­Â Â½Ã­Â¸Â”,I never thought chipotle would deceive me,chipotle,deceive,me, ,0.0
141,I never thought chipotle would deceive me... I think I got food poisoning Ã­Â Â½Ã­Â¸Â–Ã­Â Â½Ã­Â¸Â”, I think I got food poisoning ,I,think, , ,100.0
141,I never thought chipotle would deceive me... I think I got food poisoning Ã­Â Â½Ã­Â¸Â–Ã­Â Â½Ã­Â¸Â”, I think I got food poisoning ,I,got,poisoning, ,0.9
142,@jheath food poisoning?,@jheath food poisoning?, ,@jheath,poisoning, ,0.0
144,@BidwellFog Chinese Food. Got food poisoning &amp; landed myself in the hospital from it.,@BidwellFog Chinese Food, ,@BidwellFog,Food, ,0.0
144,@BidwellFog Chinese Food. Got food poisoning &amp; landed myself in the hospital from it., got food poisoning ,poisoning,got, , ,0.8
145,@Dot_Collins96 @josthekeeed coward? I hope you get food poisoning from that Wendy's you got from a great friend of yours,@Dot_Collins96 @josthekeeed coward? I hope you get food poisoning from that Wendy's you got from a great friend of yours,@Dot_Collins96,@josthekeeed, , ,0.0
145,@Dot_Collins96 @josthekeeed coward? I hope you get food poisoning from that Wendy's you got from a great friend of yours,@Dot_Collins96 @josthekeeed coward? I hope you get food poisoning from that Wendy's you got from a great friend of yours,I,hope, , ,0.0
145,@Dot_Collins96 @josthekeeed coward? I hope you get food poisoning from that Wendy's you got from a great friend of yours,@Dot_Collins96 @josthekeeed coward? I hope you get food poisoning from that Wendy's you got from a great friend of yours,you,get,poisoning, ,0.0
145,@Dot_Collins96 @josthekeeed coward? I hope you get food poisoning from that Wendy's you got from a great friend of yours,@Dot_Collins96 @josthekeeed coward? I hope you get food poisoning from that Wendy's you got from a great friend of yours,you,got, , ,0.0
146,@PATAFRIA bruh I'm fighting food poisoning and their recommendations were Vicks and 7up. I caaaaant.,@patafria bruh i'm fighting food poisoning ,i,fighting,poisoning, ,0.9
146,@PATAFRIA bruh I'm fighting food poisoning and their recommendations were Vicks and 7up. I caaaaant., I caaaaant,I,caaaaant, , ,0.0
147,Carrots &amp; hummus! and strawberries for breakfast because I'm scared to eat real food after that food poisoning yesterday.,Carrots &amp; hummus! and strawberries for breakfast because I'm scared to eat real food after that food poisoning yesterday,I,scared, , ,0.0
147,Carrots &amp; hummus! and strawberries for breakfast because I'm scared to eat real food after that food poisoning yesterday.,Carrots &amp; hummus! and strawberries for breakfast because I'm scared to eat real food after that food poisoning yesterday,I,eat,food,poisoning,0.8
148,So! picture this. Saturday morning. My first plans fell through bc of food poisoning (luv u bb @NorthShoreNanny) so I'm doing laundry, My first plans fell through bc of food poisoning (luv u bb @NorthShoreNanny) so I'm doing laundry,plans,fell, , ,0.0
148,So! picture this. Saturday morning. My first plans fell through bc of food poisoning (luv u bb @NorthShoreNanny) so I'm doing laundry, My first plans fell through bc of food poisoning (luv u bb @NorthShoreNanny) so I'm doing laundry,I,doing,laundry, ,0.0
149,FOR THE RECORD: The worst time to get food poisoning (or stomach bug) is during #nycwff - #mandown #outofcommission #fatsofail #fb,FOR THE RECORD: The worst time to get food poisoning (or stomach bug) is during #nycwff - #mandown #outofcommission #fatsofail #fb,poisoning,is, , ,0.0
149,FOR THE RECORD: The worst time to get food poisoning (or stomach bug) is during #nycwff - #mandown #outofcommission #fatsofail #fb,FOR THE RECORD: The worst time to get food poisoning (or stomach bug) is during #nycwff - #mandown #outofcommission #fatsofail #fb, ,stomach,bug, ,0.0
149,FOR THE RECORD: The worst time to get food poisoning (or stomach bug) is during #nycwff - #mandown #outofcommission #fatsofail #fb,FOR THE RECORD: The worst time to get food poisoning (or stomach bug) is during #nycwff - #mandown #outofcommission #fatsofail #fb, ,#mandown,#fb, ,0.0
150,@pedroiar the whole story is weird. They haven't even said if she's been tested for Ebola. Maybe she just got motion sick? Food poisoning?,@pedroiar the whole story is weird,story,weird, , ,0.0
150,@pedroiar the whole story is weird. They haven't even said if she's been tested for Ebola. Maybe she just got motion sick? Food poisoning?, They haven't even said if she's been tested for Ebola,They,said, , ,0.0
150,@pedroiar the whole story is weird. They haven't even said if she's been tested for Ebola. Maybe she just got motion sick? Food poisoning?, Maybe she just got motion sick? Food poisoning?,she,got,motion, ,0.0
151,Confident I have food poisoning,Confident I have food poisoning,I,have,poisoning, ,0.9
152,Oh! heyyyy...I got a slight case of food poisoning. That's terrific. Ã­Â Â½Ã­Â¸Â•,I got a slight case of food poisoning,I,got,case,poisoning,0.8
152,Oh! heyyyy...I got a slight case of food poisoning. That's terrific. Ã­Â Â½Ã­Â¸Â•, That's terrific,That,terrific, , ,0.0
153,I think I have food poisoning ...,I think I have food poisoning ,I,think, , ,100.0
153,I think I have food poisoning ...,I think I have food poisoning ,I,have,poisoning, ,0.9
154,@samlliles lol I promise it was just a joke. But I'm sorry! food poisoning is awful. Feel better!,@samlliles lol I promise it was just a joke,@samlliles,lol, , ,0.0
154,@samlliles lol I promise it was just a joke. But I'm sorry! food poisoning is awful. Feel better!,@samlliles lol I promise it was just a joke,I,promise, , ,0.0
154,@samlliles lol I promise it was just a joke. But I'm sorry! food poisoning is awful. Feel better!,@samlliles lol I promise it was just a joke,it,joke, , ,0.0
154,@samlliles lol I promise it was just a joke. But I'm sorry! food poisoning is awful. Feel better!, But I'm sorry! food poisoning is awful,I,sorry, , ,0.0
154,@samlliles lol I promise it was just a joke. But I'm sorry! food poisoning is awful. Feel better!, But I'm sorry! food poisoning is awful,poisoning,awful, , ,0.0
155,Haven't ate an actual meal since Monday..and when I did I got food poisoning #gome,Haven't ate an actual meal since Monday, ,ate,meal, ,0.0
155,Haven't ate an actual meal since Monday..and when I did I got food poisoning #gome,and when I did I got food poisoning #gome,I,did, , ,0.0
155,Haven't ate an actual meal since Monday..and when I did I got food poisoning #gome,and when I did I got food poisoning #gome,I,got,#gome, ,0.0
156,Well. Day two post food poisoning. Can't decide if my stomach hurts or its starving from barely eating for 3 days., Day two post food poisoning,poisoning,Day, , ,0.0
156,Well. Day two post food poisoning. Can't decide if my stomach hurts or its starving from barely eating for 3 days., Can't decide if my stomach hurts or its starving from barely eating for 3 days,stomach,hurts, , ,0.0
156,Well. Day two post food poisoning. Can't decide if my stomach hurts or its starving from barely eating for 3 days., Can't decide if my stomach hurts or its starving from barely eating for 3 days,days,decide, , ,0.0
158,Symptoms from the most common types of food poisoning will often start within 2 - 6 hours of eating the food.,Symptoms from the most common types of food poisoning will often start within 2 - 6 hours of eating the food,Symptoms,start, , ,0.0
158,Symptoms from the most common types of food poisoning will often start within 2 - 6 hours of eating the food.,Symptoms from the most common types of food poisoning will often start within 2 - 6 hours of eating the food, ,eating,food, ,0.0
159,@dskolarus42 that happened to me once but it turned out to be food poisoning lol,@dskolarus42 that happened to me once but it turned out to be food poisoning lol,that,happened, , ,0.0
159,@dskolarus42 that happened to me once but it turned out to be food poisoning lol,@dskolarus42 that happened to me once but it turned out to be food poisoning lol,it,turned, , ,0.0
159,@dskolarus42 that happened to me once but it turned out to be food poisoning lol,@dskolarus42 that happened to me once but it turned out to be food poisoning lol,it,lol, , ,0.0
160,Prettyy sure I have food poisoning... That or Ebola (thanks a lot @JeniScarlett !),Prettyy sure I have food poisoning,I,have,poisoning, ,0.9
161,@Miguel_M1GS I was traveling and then got food poisoning. :(,@Miguel_M1GS I was traveling and then got food poisoning,I,traveling, , ,0.0
161,@Miguel_M1GS I was traveling and then got food poisoning. :(,@Miguel_M1GS I was traveling and then got food poisoning,I,got,poisoning, ,0.9
165,@culvers thanks for the food poisoning Ã¢Â?Â¤Ã¯Â¸Â?,@culvers thanks for the food poisoning ,thanks,@culvers, ,poisoning,0.0
166,Probably shouldn't eat sushi when I'm home sick with food poisoning...right? #cravings,Probably shouldn't eat sushi when I'm home sick with food poisoning, ,eat,sushi, ,0.0
166,Probably shouldn't eat sushi when I'm home sick with food poisoning...right? #cravings,Probably shouldn't eat sushi when I'm home sick with food poisoning,I,sick, ,poisoning,0.8
167,Day three of mild food poisoning is less fun than you think it would be #tummyache,Day three of mild food poisoning is less fun than you think it would be #tummyache,Day,fun, ,poisoning,0.0
167,Day three of mild food poisoning is less fun than you think it would be #tummyache,Day three of mild food poisoning is less fun than you think it would be #tummyache,you,think, , ,0.0
167,Day three of mild food poisoning is less fun than you think it would be #tummyache,Day three of mild food poisoning is less fun than you think it would be #tummyache,it,#tummyache, , ,0.0
169,I feel like i got food poisoning Ã­Â Â½Ã­Â¸Â”Ã­Â Â½Ã­Â¸Â”,I feel like i got food poisoning ,I,feel, , ,0.0
169,I feel like i got food poisoning Ã­Â Â½Ã­Â¸Â”Ã­Â Â½Ã­Â¸Â”,I feel like i got food poisoning ,i,got,poisoning, ,0.9
170,Thank You @Subway for giving me food poisoning and for that here's a big FUCK YOU,thank you @subway for giving me food poisoning , ,thank,you, ,0.0
170,Thank You @Subway for giving me food poisoning and for that here's a big FUCK YOU,thank you @subway for giving me food poisoning , ,giving,poisoning, ,0.6
171,Like I'm hot and cold at the same time...do I have food poisoning Ã­Â Â½Ã­Â¸Â³,do I have food poisoning ,I,have,poisoning, ,0.9
173,Between my blocked salivary gland last week and yesterday's horrific food poisoning! I should be down a pant size! right? #thatshowthisworks,Between my blocked salivary gland last week and yesterday's horrific food poisoning! I should be down a pant size! right? #thatshowthisworks,I,be, , ,0.0
174,Nothing makes getting over food poisoning more delightful than seeing an ad for something called a Cookie Butter Burger. #gross,Nothing makes getting over food poisoning more delightful than seeing an ad for something called a Cookie Butter Burger,Nothing,makes, , ,0.0
174,Nothing makes getting over food poisoning more delightful than seeing an ad for something called a Cookie Butter Burger. #gross,Nothing makes getting over food poisoning more delightful than seeing an ad for something called a Cookie Butter Burger, ,getting,poisoning, ,0.6
174,Nothing makes getting over food poisoning more delightful than seeing an ad for something called a Cookie Butter Burger. #gross,Nothing makes getting over food poisoning more delightful than seeing an ad for something called a Cookie Butter Burger, ,seeing,ad, ,0.0
174,Nothing makes getting over food poisoning more delightful than seeing an ad for something called a Cookie Butter Burger. #gross,Nothing makes getting over food poisoning more delightful than seeing an ad for something called a Cookie Butter Burger, ,called,Burger, ,0.0
175,@LouMalnatis I love your pizza so much. But is it possible that the spinach pie gave me food poisoning today? Sure seems like something did.,@LouMalnatis I love your pizza so much,I,love,pizza, ,0.0
175,@LouMalnatis I love your pizza so much. But is it possible that the spinach pie gave me food poisoning today? Sure seems like something did.,@LouMalnatis I love your pizza so much,much,@LouMalnatis, , ,0.0
175,@LouMalnatis I love your pizza so much. But is it possible that the spinach pie gave me food poisoning today? Sure seems like something did., But is it possible that the spinach pie gave me food poisoning today? Sure seems like something did,pie,gave,poisoning, ,0.6
175,@LouMalnatis I love your pizza so much. But is it possible that the spinach pie gave me food poisoning today? Sure seems like something did., But is it possible that the spinach pie gave me food poisoning today? Sure seems like something did,Sure,seems, , ,0.0
175,@LouMalnatis I love your pizza so much. But is it possible that the spinach pie gave me food poisoning today? Sure seems like something did., But is it possible that the spinach pie gave me food poisoning today? Sure seems like something did,something,did, , ,0.0
176,@Px2814 @karend_ it's the only thing i can ever keep down when i have food poisoning! as now. No go on water.,@Px2814 @karend_ it's the only thing i can ever keep down when i have food poisoning! as now,@Px2814,@karend_, , ,0.0
176,@Px2814 @karend_ it's the only thing i can ever keep down when i have food poisoning! as now. No go on water.,@Px2814 @karend_ it's the only thing i can ever keep down when i have food poisoning! as now,it,thing, , ,0.0
176,@Px2814 @karend_ it's the only thing i can ever keep down when i have food poisoning! as now. No go on water.,@Px2814 @karend_ it's the only thing i can ever keep down when i have food poisoning! as now,i,keep, , ,0.0
176,@Px2814 @karend_ it's the only thing i can ever keep down when i have food poisoning! as now. No go on water.,@Px2814 @karend_ it's the only thing i can ever keep down when i have food poisoning! as now,i,have,food, ,0.0
176,@Px2814 @karend_ it's the only thing i can ever keep down when i have food poisoning! as now. No go on water., No go on water,No,go, , ,0.0
177,@WholeFoods mgmt stinks. When someone gets food poisoning at your store! you want to do everything you can to keep them. They don't. Run.,@WholeFoods mgmt stinks,stinks,@WholeFoods, , ,0.0
177,@WholeFoods mgmt stinks. When someone gets food poisoning at your store! you want to do everything you can to keep them. They don't. Run., When someone gets food poisoning at your store! you want to do everything you can to keep them,someone,gets,food, ,0.0
177,@WholeFoods mgmt stinks. When someone gets food poisoning at your store! you want to do everything you can to keep them. They don't. Run., When someone gets food poisoning at your store! you want to do everything you can to keep them, ,want,poisoning, ,0.0
177,@WholeFoods mgmt stinks. When someone gets food poisoning at your store! you want to do everything you can to keep them. They don't. Run., When someone gets food poisoning at your store! you want to do everything you can to keep them,poisoning,do, , ,0.0
177,@WholeFoods mgmt stinks. When someone gets food poisoning at your store! you want to do everything you can to keep them. They don't. Run., When someone gets food poisoning at your store! you want to do everything you can to keep them,you,want, , ,0.0
177,@WholeFoods mgmt stinks. When someone gets food poisoning at your store! you want to do everything you can to keep them. They don't. Run., When someone gets food poisoning at your store! you want to do everything you can to keep them, ,do,everything, ,0.0
177,@WholeFoods mgmt stinks. When someone gets food poisoning at your store! you want to do everything you can to keep them. They don't. Run., When someone gets food poisoning at your store! you want to do everything you can to keep them,you,can, , ,0.0
177,@WholeFoods mgmt stinks. When someone gets food poisoning at your store! you want to do everything you can to keep them. They don't. Run., When someone gets food poisoning at your store! you want to do everything you can to keep them,you,keep,them, ,0.0
177,@WholeFoods mgmt stinks. When someone gets food poisoning at your store! you want to do everything you can to keep them. They don't. Run., They don't,They,do, , ,0.0
180,skills include: being able to teach a makeup tutorial about how to cover up all your broken blood vessels after a 3am food poisoning bout.,skills include: being able to teach a makeup tutorial about how to cover up all your broken blood vessels after a 3am food poisoning bout,skills,include, , ,0.0
180,skills include: being able to teach a makeup tutorial about how to cover up all your broken blood vessels after a 3am food poisoning bout.,skills include: being able to teach a makeup tutorial about how to cover up all your broken blood vessels after a 3am food poisoning bout, ,teach,tutorial, ,0.0
180,skills include: being able to teach a makeup tutorial about how to cover up all your broken blood vessels after a 3am food poisoning bout.,skills include: being able to teach a makeup tutorial about how to cover up all your broken blood vessels after a 3am food poisoning bout, ,cover,vessels, ,0.0
181,Google Drive workshop gonna be a blast after food poisoning yesterday.,Google Drive workshop gonna be a blast after food poisoning yesterday,Drive,workshop, , ,0.0
182,I think Hardee's just gave me food poisoning,I think Hardee's just gave me food poisoning,I,think, , ,100.0
182,I think Hardee's just gave me food poisoning,I think Hardee's just gave me food poisoning,Hardee,gave,poisoning, ,0.6
183,food poisoning is so much fun,food poisoning is so much fun,poisoning,fun, , ,0.0
184,@bibliogrrl I thought mine was food poisoning at first too. But I'm pretty sure I had a fever and aches and pains.,@bibliogrrl I thought mine was food poisoning at first too,I,thought, , ,0.0
184,@bibliogrrl I thought mine was food poisoning at first too. But I'm pretty sure I had a fever and aches and pains.,@bibliogrrl I thought mine was food poisoning at first too,mine,poisoning, , ,0.0
184,@bibliogrrl I thought mine was food poisoning at first too. But I'm pretty sure I had a fever and aches and pains., But I'm pretty sure I had a fever and aches and pains,I,sure, , ,0.0
184,@bibliogrrl I thought mine was food poisoning at first too. But I'm pretty sure I had a fever and aches and pains., But I'm pretty sure I had a fever and aches and pains,I,had,aches, ,0.0
185,I'm sorry but you do not get food poisoning from cheetos.,I'm sorry but you do not get food poisoning from cheetos,I,sorry, , ,0.0
185,I'm sorry but you do not get food poisoning from cheetos.,I'm sorry but you do not get food poisoning from cheetos,you,get,poisoning, ,0.0
186,Ã¢Â™Â«It's my birthday and I can turn my assignment in a week late if I want to,It's my birthday and I can turn my assignment in a week late if I want to,It,birthday, , ,0.0
186,Ã¢Â™Â«It's my birthday and I can turn my assignment in a week late if I want to,It's my birthday and I can turn my assignment in a week late if I want to,I,turn,assignment, ,0.0
186,Ã¢Â™Â«It's my birthday and I can turn my assignment in a week late if I want to,It's my birthday and I can turn my assignment in a week late if I want to,I,want, , ,0.0
187,Ã¢Â™Â«You would turn it in late too if food poisoning happened to youu,You would turn it in late too if food poisoning happened to youu,You,turn,it, ,0.0
187,Ã¢Â™Â«You would turn it in late too if food poisoning happened to youu,You would turn it in late too if food poisoning happened to youu,poisoning,happened, , ,0.0
187,Ã¢Â™Â«You would turn it in late too if food poisoning happened to youu,You would turn it in late too if food poisoning happened to youu,poisoning,youu, , ,0.0
188,Every time I plan to get a flu shot! I get sick again. Ugh! fuck you! stomach virus. Or food poisoning. Whichever.,Every time I plan to get a flu shot! I get sick again,time,shot, , ,0.0
188,Every time I plan to get a flu shot! I get sick again. Ugh! fuck you! stomach virus. Or food poisoning. Whichever.,Every time I plan to get a flu shot! I get sick again,I,plan, , ,0.0
188,Every time I plan to get a flu shot! I get sick again. Ugh! fuck you! stomach virus. Or food poisoning. Whichever.,Every time I plan to get a flu shot! I get sick again,I,get,flu, ,0.0
188,Every time I plan to get a flu shot! I get sick again. Ugh! fuck you! stomach virus. Or food poisoning. Whichever.,Every time I plan to get a flu shot! I get sick again,I,sick, , ,0.0
188,Every time I plan to get a flu shot! I get sick again. Ugh! fuck you! stomach virus. Or food poisoning. Whichever., Ugh! fuck you! stomach virus, ,fuck,you, ,0.0
188,Every time I plan to get a flu shot! I get sick again. Ugh! fuck you! stomach virus. Or food poisoning. Whichever., Ugh! fuck you! stomach virus,virus,fuck, , ,0.0
189,Possibly have food poisoning the night before the exam so this great,Possibly have food poisoning the night before the exam so this great, ,have,poisoning, ,0.6
189,Possibly have food poisoning the night before the exam so this great,Possibly have food poisoning the night before the exam so this great,great,have, , ,0.0
190,@GreenieJules Like the joy of cooking except you will get food poisoning instead. Lol.,@GreenieJules Like the joy of cooking except you will get food poisoning instead,you,get,poisoning, ,0.0
192,I think I'm the only person on earth who can't just puke and get it over with when I have food poisoning #ridiculous #ReallySuffering,I think I'm the only person on earth who can't just puke and get it over with when I have food poisoning #ridiculous #ReallySuffering,I,think, , ,100.0
192,I think I'm the only person on earth who can't just puke and get it over with when I have food poisoning #ridiculous #ReallySuffering,I think I'm the only person on earth who can't just puke and get it over with when I have food poisoning #ridiculous #ReallySuffering,I,person, , ,0.0
192,I think I'm the only person on earth who can't just puke and get it over with when I have food poisoning #ridiculous #ReallySuffering,I think I'm the only person on earth who can't just puke and get it over with when I have food poisoning #ridiculous #ReallySuffering,person,puke, , ,0.0
192,I think I'm the only person on earth who can't just puke and get it over with when I have food poisoning #ridiculous #ReallySuffering,I think I'm the only person on earth who can't just puke and get it over with when I have food poisoning #ridiculous #ReallySuffering,person,get, , ,0.0
192,I think I'm the only person on earth who can't just puke and get it over with when I have food poisoning #ridiculous #ReallySuffering,I think I'm the only person on earth who can't just puke and get it over with when I have food poisoning #ridiculous #ReallySuffering, ,puke,it, ,0.0
192,I think I'm the only person on earth who can't just puke and get it over with when I have food poisoning #ridiculous #ReallySuffering,I think I'm the only person on earth who can't just puke and get it over with when I have food poisoning #ridiculous #ReallySuffering,I,have,#ridiculous, ,0.0
193,Lol I'm having asthma attacks and food poisoning and I have a 9-10 hr work day planned today,lol i'm having asthma attacks ,i,having,attacks, ,0.0
194,I would get food poisoning the night before my midtermÃ­Â Â½Ã­Â¸Â“,I would get food poisoning the night before my midterm,I,get,poisoning, ,0.0
195,surprised it took this long for my cooking to give myself food poisoning,surprised it took this long for my cooking to give myself food poisoning,it,took, , ,0.0
195,surprised it took this long for my cooking to give myself food poisoning,surprised it took this long for my cooking to give myself food poisoning,long,surprised, , ,0.0
195,surprised it took this long for my cooking to give myself food poisoning,surprised it took this long for my cooking to give myself food poisoning, ,give,poisoning, ,0.6
196,Food poisoning sucks. I'm afraid to sneeze., I'm afraid to sneeze,I,afraid, , ,0.0
196,Food poisoning sucks. I'm afraid to sneeze., I'm afraid to sneeze,I,sneeze, , ,0.0
197,Able to eat rice today! Food poisoning gone. Need to return all my groceries to @WholeFoods. Food poisoning 2x this year. No thanks WF.,Able to eat rice today! Food poisoning gone, ,eat,rice, ,0.0
197,Able to eat rice today! Food poisoning gone. Need to return all my groceries to @WholeFoods. Food poisoning 2x this year. No thanks WF.,Able to eat rice today! Food poisoning gone,Food,Able, , ,0.0
197,Able to eat rice today! Food poisoning gone. Need to return all my groceries to @WholeFoods. Food poisoning 2x this year. No thanks WF.,Able to eat rice today! Food poisoning gone,Food,eat, , ,0.0
197,Able to eat rice today! Food poisoning gone. Need to return all my groceries to @WholeFoods. Food poisoning 2x this year. No thanks WF., Need to return all my groceries to @WholeFoods, ,return,groceries, ,0.0
198,So happy I'm finally feeling better!  Food poisoning is a bitch! Thanks to my love! he was there all night and day taking care of me!,So happy I'm finally feeling better!  Food poisoning is a bitch! Thanks to my love! he was there all night and day taking care of me!,I,feeling, , ,0.0
198,So happy I'm finally feeling better!  Food poisoning is a bitch! Thanks to my love! he was there all night and day taking care of me!,So happy I'm finally feeling better!  Food poisoning is a bitch! Thanks to my love! he was there all night and day taking care of me!,he,night, , ,0.0
198,So happy I'm finally feeling better!  Food poisoning is a bitch! Thanks to my love! he was there all night and day taking care of me!,So happy I'm finally feeling better!  Food poisoning is a bitch! Thanks to my love! he was there all night and day taking care of me!, ,taking,care, ,0.0
199,Have to admit! food poisoning has taught me that you have to slow down sometimes. #LifeInTheFastLane #TicketedForSpeeding,Have to admit! food poisoning has taught me that you have to slow down sometimes,poisoning,taught,me, ,0.0
199,Have to admit! food poisoning has taught me that you have to slow down sometimes. #LifeInTheFastLane #TicketedForSpeeding,Have to admit! food poisoning has taught me that you have to slow down sometimes,you,have, , ,0.0
199,Have to admit! food poisoning has taught me that you have to slow down sometimes. #LifeInTheFastLane #TicketedForSpeeding,Have to admit! food poisoning has taught me that you have to slow down sometimes,you,slow, , ,0.0
